Generic Name,Index Term,Dosage Form,Index Terms,Url,What is,Brand Name:
" aripiprazole (AR i PIP ra zole)Brand Names: Abilify, Abilify Discmelt",,,Drugs.com ,https://www.drugs.com/pro/abilify.html,"Abilify (aripiprazole is an antipsychotic medication. It works by changing the actions of chemicals in the brain.
Abilify is used to treat the symptoms of psychotic conditions such as schizophrenia and bipolar I disorder (manic depression). It is not known if aripiprazole is safe or effective in children younger than 13 with schizophrenia, or children younger than 10 with bipolar disorder.
Abilify is also used together with other medicines to treat major depressive disorder in adults.
Abilify is also used in children 6 years or older who have Tourette's disorder, or symptoms of autistic disorder (irritability, aggression, mood swings, temper tantrums, and self-injury).","Abilify, Abilify Discmelt"
" aripiprazole (AR i PIP ra zole)Brand Names: Abilify, Abilify Discmelt",,,Drugs.com ,https://www.drugs.com/pro/abilify.html,"Abilify (aripiprazole is an antipsychotic medication. It works by changing the actions of chemicals in the brain.
Abilify is used to treat the symptoms of psychotic conditions such as schizophrenia and bipolar I disorder (manic depression). It is not known if aripiprazole is safe or effective in children younger than 13 with schizophrenia, or children younger than 10 with bipolar disorder.
Abilify is also used together with other medicines to treat major depressive disorder in adults.
Abilify is also used in children 6 years or older who have Tourette's disorder, or symptoms of autistic disorder (irritability, aggression, mood swings, temper tantrums, and self-injury).","Abilify, Abilify Discmelt"
" aripiprazole (AR i PIP ra zole)Brand Names: Abilify, Abilify Discmelt",,,Drugs.com ,https://www.drugs.com/pro/abilify.html,"Abilify (aripiprazole is an antipsychotic medication. It works by changing the actions of chemicals in the brain.
Abilify is used to treat the symptoms of psychotic conditions such as schizophrenia and bipolar I disorder (manic depression). It is not known if aripiprazole is safe or effective in children younger than 13 with schizophrenia, or children younger than 10 with bipolar disorder.
Abilify is also used together with other medicines to treat major depressive disorder in adults.
Abilify is also used in children 6 years or older who have Tourette's disorder, or symptoms of autistic disorder (irritability, aggression, mood swings, temper tantrums, and self-injury).","Abilify, Abilify Discmelt"
 abemaciclib (a BEM a SYE klib)Brand Name: Verzenio,LY2835219Verzenio,"Excipient information presented when available (limited, particularly for generics); consult specific product labeling.Tablet, Oral: Verzenio: 50 mg, 100 mg, 150 mg, 200 mg",Drugs.com ,https://www.drugs.com/ppa/abemaciclib.html,"Abemaciclib is used to treat advanced hormone-related breast cancer. Abemaciclib is used for this condition only if your tumor tests negative for a protein called human epidermal growth factor receptor 2 (HER2). HER2 protein can speed the growth of cancer cells.
Abemaciclib is sometimes given with other cancer medicines.
Abemaciclib may also be used for purposes not listed in this medication guide.",Verzenio
" multivitamins (MUL tee VYE ta mins)Brand Name: Berocca, Primaplex, ...show all 281 brand names.Becomject-100, M.V.I.-12, Nephplex Rx, Nephrocaps, B-Ject 100, Therobec, B-Plex, Formula B, Vitaplex, Tri-Vi-Sol, Vi-Daylin ADC, Nephro-Vite Rx, Lipogen, Lipotriad, Lipoflavonoid, Cholinoid, Liponol, Bee-Comp with C, Cholidase, Cota-B-Plex, 1000 BC, Neurodep, Neuroforte-Six, M.V.I. Pediatric, B-Plex Plus, Nephrolan Rx, Zymacap, Vi-Daylin, Poly-Vi-Sol, Dayalets, Sigtab, Therems, StressTabs, Allbee-C 800, Cefol, Cod Liver Oil, Daily Multiple Vitamins, Daily Vite, Protegra, Sesame St. Vitamins with Extra C, Surbex-T, Theragran, Superplex-T, Vi-Stress, Cod Liver Oil Mint, Animal Shape Vitamins, B-50 Complex, B-Complex 50, Vitamin B Complex 100, Balanced B-100, B-Stress, B-Scorbic, Bee with C, Children's Chewable Multivitamins, Balanced B-50, Balanced B-150, Unicap Capsule, Unicap Jr., Unicap, Optilets-500, Super Plenamins, Vitamins for Hair, Tab-A-Vite, One-A-Day Essentials, Essential Balance, Vi-Daylin Chewable, Sunkist Child Chewable with C, Sunkist Child Chewable, Poly-Vi-Sol Chewable, Fruity Chew, Poly-Vit Chew, Chewable-Vite, Flintstones Multivitamins, Bugs Bunny with Extra C, Flintstones with C Multivitamins, Bounty Bear Vitamins, Garfield Vitamins, Vi-Daylin Drops, Poly-Vi-Sol Drops, Baby Vitamin Drop, Vita Drop, Poly Vit Drops, M.V.C. SDV, Glutofac, Allbee-C (obsolete), Nephro-Vite, Vitabee with C, Stress B with C, High Potency B+C, Farbee with C, Surbex with C, Super B Complex, Surbex, Vitamin B-50, Vitamin B-100, Vitamin B-100 T/R, Hexavitamin, Kenwood Therapeutic, Thera, Theravite, Thera-Plus, Oncovite, Beminal-500, High Potency B Complex with B12 and C, Super B-50, Super B-100 TD, Tri-Vit Drops, Stress Formula, One Tab Daily, Vitamin C, E, and Rose Hips, Scotts Emulsion, Stress Formula 600, Tri-Vit, B Complex 50, Mega B, Folgard (obsolete), Apatate, T-Vites, High B Complex, Theragenerix, Cernevit, Cardiotek, Beminal, Beminal with C Fortis, Bugs Bunny Multiple Vitamins, Fletanol, Male Formula, Allbee with C, Prevital, Surbex Filmtab, T-BMP, Tender Age Vitamin ADC, Watkins Harvest, Foltx, Folgard Rx 2.2, Cernevit-12, Infuvite, Infuvite Pediatric, Diatx, Vitamin A, D, One-A-Day 50+, Thex Forte, Protegra Cardio, Vitamin Daily Liquid, Rena-Vite Rx, Renal Caps, Icar C (obsolete), Renaphro, Cerefolin, Dialyvite Rx, Dialyvite 800, Vesselvite, Folbee Plus, Folbee, Folcaps, Combgen, Abidec, Unichem Multivitamin, Topfit Vitamin B Complex, Topfit Vitamin B Complex Forte, Vitamin B Compound Strong, Health Aid Multivitamin, Vitamins, Daflon (obsolete), Essentiale, Jetepar, Neurobion, Vitamin A and D Concentrate, Centrum 8400, M.V.I. Adult, Nephronex, Animi-3 (obsolete), Foltrate, Cardiotek Rx, Folbic, Metanx, D-400 international units, Folbalin Plus, Folbalin, Multi Vits with Beta Carotene, Foltabs 800, Folgard RX, B-Complex with B-12, FaBB, CerefolinNAC, Folamin, DexFol, One-A-Day Men's Health Formula, Rena-Vite, Equaline One Daily Essential, Daily-Vite Men's Formula, Folplex, Folmor, Zycose, Biotin Forte, Vigomar Forte, Vimar, Multi-Delyn, Foleve Plus, Folnate, Folnate Plus, Foleve, B 100 Complex, Renatabs, AllanTex, Cardiotek-Rx, NuFol, Folplex 2.2, Reno Caps, Ivites Rx, TL Gard, Vita-Respa, Folast, Triphrocaps, Enfolast-N, Enfolast, Neurpath-B, Triveen-CF, Rovin-CF, Vol-Care Rx, Nephrocaps QT, B-Complex SR, Apetigen, L-methylfolate Ca, Me-Cbl NAC, L-methylfolate Ca, P-5-P, Me-Cbl, MTX Support, Menopause Relief with Lifenol, Vitacirc-B, Alz-Nac, Tri-Vita Drops, Poly-Vita Drops, Prostate 2.4, Apetex, Folastin, Folbee AR, Metafolbic, Metafolbic Plus, Foltanx, Virt-Vite Forte, Virt-Vite, Foltanx RF, Folbic RF, One Daily Multi-Essential, Flintstones Toddler, Full Spectrum B with C, Metafolbic Plus RF, PoDiaPN, Super Theravite-M, Nature's Bounty Hair Skin & Nails, Total B with C, Hair, Skin, & Nails Gummies, Concentrated Whole Food Multivitamin, Niva-Fol, Glycogenics, SeroSyn, Virt-Vite Plus, Rheumate, Folinic-Plus, Allbee Plus, Av-VITE FB Forte, Celebrate B-12, Virt-Gard, Mebolic, DEKAs Essential, Multi Vitamin+, Xyzbac, Nufola, Folika-T, Hylavite, K2 Plus D3, Dosoquin, VP-Vite Rx, Genicin Vita-S, Genicin Vita-Q, Zyvit, Folika-V, Tobakient, Renal Vitamin, Folic-K","Cyanocobalamin, Folic Acid, and PyridoxineFolacin, Vitamin B12, and Vitamin B6Folic Acid/Cyanocob/PyridoxinePyridoxine, Folic Acid, and Cyanocobalamin","Excipient information presented when available (limited, particularly for generics); consult specific product labeling. [DSC] = Discontinued productCapsule, Oral:Generic: Folic acid 1 mg, cyanocobalamin 400 mcg, and pyridoxine hydrochloride 50 mgTablet, Oral:Airavite: Folic acid 2.5 mg, cyanocobalamin 1000 mcg, and pyridoxine hydrochloride 25 mgAv-VITE FB: Folic acid 2.5 mg, cyanocobalamin 1000 mcg, and pyridoxine hydrochloride 25 mgCenFol: Folic acid 2.3 mg, cyanocobalamin 2000 mcg, and pyridoxine hydrochloride 24.5 mgFaBB: Folic acid 2.2 mg, cyanocobalamin 1000 mcg, and pyridoxine hydrochloride 25 mgFolbee: Folic acid 2.5 mg, cyanocobalamin 1000 mcg, and pyridoxine hydrochloride 25 mg [dye free, lactose free, and sugar free]Folbic: Folic acid 2.5 mg, cyanocobalamin 2000 mcg, and pyridoxine hydrochloride 25 mgFolgard RX: Folic acid 2.2 mg, cyanocobalamin 1000 mcg, and pyridoxine hydrochloride 25 mgFolplex 2.2: Folic acid 2.2 mg, cyanocobalamin 500 mcg, and pyridoxine hydrochloride 25 mgFoltabs 800: Folic acid 0.8 mg, cyanocobalamin 115 mcg, and pyridoxine hydrochloride 10 mg [gluten free]Homocysteine Formula: Folic acid 0.8 mg, cyanocobalamin 100 mcg, and pyridoxine hydrochloride 50 mgNiva-Fol: Folic acid 2.5 mg, cyanocobalamin 2000 mcg, and pyridoxine hydrochloride 25 mgNuFol: Folic acid 2.5 mg, cyanocobalamin 1000 mcg, and pyridoxine hydrochloride 25 mgVirt-Gard: Folic acid 2.2 mg, cyanocobalamin 1000 mcg, and pyridoxine hydrochloride 25 mgVirt-Vite: Folic acid 2.5 mg, cyanocobalamin 1000 mcg, and pyridoxine hydrochloride 25 mg [DSC]Virt-Vite Forte: Folic acid 2.5 mg, cyanocobalamin 2000 mcg, and pyridoxine hydrochloride 25 mg [DSC]Vita-Respa: Folic acid 2.2 mg, cyanocobalamin 1300 mcg, and pyridoxine hydrochloride 25 mg [dye free and sugar free] [DSC]Generic: Folic acid 0.5 mg, cyanocobalamin 200 mcg, pyridoxine hydrochloride 5 mg; Folic acid 0.8 mg, cyanocobalamin 100 mcg, and pyridoxine hydrochloride 50 mg; Folic acid 2.2 mg, cyanocobalamin 500 mcg, and pyridoxine hydrochloride 25 mg; Folic acid 2.5 mg, cyanocobalamin 200 mcg, and pyridoxine hydrochloride 25 mg",Drugs.com ,https://www.drugs.com/ppa/folic-acid-cyanocobalamin-and-pyridoxine.html,"Multivitamins are a combination of many different vitamins that are normally found in foods and other natural sources.
Multivitamins are used to provide vitamins that are not taken in through the diet. Multivitamins are also used to treat vitamin deficiencies (lack of vitamins) caused by illness, pregnancy, poor nutrition, digestive disorders, and many other conditions.
Multivitamins may also be used for purposes not listed in this medication guide.","Berocca, Primaplex, ...show all 281 brand names.Becomject-100, M.V.I.-12, Nephplex Rx, Nephrocaps, B-Ject 100, Therobec, B-Plex, Formula B, Vitaplex, Tri-Vi-Sol, Vi-Daylin ADC, Nephro-Vite Rx, Lipogen, Lipotriad, Lipoflavonoid, Cholinoid, Liponol, Bee-Comp with C, Cholidase, Cota-B-Plex, 1000 BC, Neurodep, Neuroforte-Six, M.V.I. Pediatric, B-Plex Plus, Nephrolan Rx, Zymacap, Vi-Daylin, Poly-Vi-Sol, Dayalets, Sigtab, Therems, StressTabs, Allbee-C 800, Cefol, Cod Liver Oil, Daily Multiple Vitamins, Daily Vite, Protegra, Sesame St. Vitamins with Extra C, Surbex-T, Theragran, Superplex-T, Vi-Stress, Cod Liver Oil Mint, Animal Shape Vitamins, B-50 Complex, B-Complex 50, Vitamin B Complex 100, Balanced B-100, B-Stress, B-Scorbic, Bee with C, Children's Chewable Multivitamins, Balanced B-50, Balanced B-150, Unicap Capsule, Unicap Jr., Unicap, Optilets-500, Super Plenamins, Vitamins for Hair, Tab-A-Vite, One-A-Day Essentials, Essential Balance, Vi-Daylin Chewable, Sunkist Child Chewable with C, Sunkist Child Chewable, Poly-Vi-Sol Chewable, Fruity Chew, Poly-Vit Chew, Chewable-Vite, Flintstones Multivitamins, Bugs Bunny with Extra C, Flintstones with C Multivitamins, Bounty Bear Vitamins, Garfield Vitamins, Vi-Daylin Drops, Poly-Vi-Sol Drops, Baby Vitamin Drop, Vita Drop, Poly Vit Drops, M.V.C. SDV, Glutofac, Allbee-C (obsolete), Nephro-Vite, Vitabee with C, Stress B with C, High Potency B+C, Farbee with C, Surbex with C, Super B Complex, Surbex, Vitamin B-50, Vitamin B-100, Vitamin B-100 T/R, Hexavitamin, Kenwood Therapeutic, Thera, Theravite, Thera-Plus, Oncovite, Beminal-500, High Potency B Complex with B12 and C, Super B-50, Super B-100 TD, Tri-Vit Drops, Stress Formula, One Tab Daily, Vitamin C, E, and Rose Hips, Scotts Emulsion, Stress Formula 600, Tri-Vit, B Complex 50, Mega B, Folgard (obsolete), Apatate, T-Vites, High B Complex, Theragenerix, Cernevit, Cardiotek, Beminal, Beminal with C Fortis, Bugs Bunny Multiple Vitamins, Fletanol, Male Formula, Allbee with C, Prevital, Surbex Filmtab, T-BMP, Tender Age Vitamin ADC, Watkins Harvest, Foltx, Folgard Rx 2.2, Cernevit-12, Infuvite, Infuvite Pediatric, Diatx, Vitamin A, D, One-A-Day 50+, Thex Forte, Protegra Cardio, Vitamin Daily Liquid, Rena-Vite Rx, Renal Caps, Icar C (obsolete), Renaphro, Cerefolin, Dialyvite Rx, Dialyvite 800, Vesselvite, Folbee Plus, Folbee, Folcaps, Combgen, Abidec, Unichem Multivitamin, Topfit Vitamin B Complex, Topfit Vitamin B Complex Forte, Vitamin B Compound Strong, Health Aid Multivitamin, Vitamins, Daflon (obsolete), Essentiale, Jetepar, Neurobion, Vitamin A and D Concentrate, Centrum 8400, M.V.I. Adult, Nephronex, Animi-3 (obsolete), Foltrate, Cardiotek Rx, Folbic, Metanx, D-400 international units, Folbalin Plus, Folbalin, Multi Vits with Beta Carotene, Foltabs 800, Folgard RX, B-Complex with B-12, FaBB, CerefolinNAC, Folamin, DexFol, One-A-Day Men's Health Formula, Rena-Vite, Equaline One Daily Essential, Daily-Vite Men's Formula, Folplex, Folmor, Zycose, Biotin Forte, Vigomar Forte, Vimar, Multi-Delyn, Foleve Plus, Folnate, Folnate Plus, Foleve, B 100 Complex, Renatabs, AllanTex, Cardiotek-Rx, NuFol, Folplex 2.2, Reno Caps, Ivites Rx, TL Gard, Vita-Respa, Folast, Triphrocaps, Enfolast-N, Enfolast, Neurpath-B, Triveen-CF, Rovin-CF, Vol-Care Rx, Nephrocaps QT, B-Complex SR, Apetigen, L-methylfolate Ca, Me-Cbl NAC, L-methylfolate Ca, P-5-P, Me-Cbl, MTX Support, Menopause Relief with Lifenol, Vitacirc-B, Alz-Nac, Tri-Vita Drops, Poly-Vita Drops, Prostate 2.4, Apetex, Folastin, Folbee AR, Metafolbic, Metafolbic Plus, Foltanx, Virt-Vite Forte, Virt-Vite, Foltanx RF, Folbic RF, One Daily Multi-Essential, Flintstones Toddler, Full Spectrum B with C, Metafolbic Plus RF, PoDiaPN, Super Theravite-M, Nature's Bounty Hair Skin & Nails, Total B with C, Hair, Skin, & Nails Gummies, Concentrated Whole Food Multivitamin, Niva-Fol, Glycogenics, SeroSyn, Virt-Vite Plus, Rheumate, Folinic-Plus, Allbee Plus, Av-VITE FB Forte, Celebrate B-12, Virt-Gard, Mebolic, DEKAs Essential, Multi Vitamin+, Xyzbac, Nufola, Folika-T, Hylavite, K2 Plus D3, Dosoquin, VP-Vite Rx, Genicin Vita-S, Genicin Vita-Q, Zyvit, Folika-V, Tobakient, Renal Vitamin, Folic-K"
 amphotericin B lipid complex (AM foe TER i sin B LIP id KOM plex)Brand Name: Abelcet,,,Drugs.com ,https://www.drugs.com/pro/abelcet.html,"Abelcet is an antifungal medicine that is used to treat serious, life-threatening fungal infections that cannot be treated with other antifungal medications.
Abelcet may also be used for purposes not listed in this medication guide.",Abelcet
 Abciximab (ab SIK si mab)Brand Name: ReoPro,7E3C7E3,"Excipient information presented when available (limited, particularly for generics); consult specific product labeling.  [DSC] = Discontinued productSolution, Intravenous: ReoPro: 2 mg/mL (5 mL [DSC]) [contains polysorbate 80]",Drugs.com ,https://www.drugs.com/ppa/abciximab.html,,
 Abciximab (ab SIK si mab)Brand Name: ReoPro,7E3C7E3,"Excipient information presented when available (limited, particularly for generics); consult specific product labeling.  [DSC] = Discontinued productSolution, Intravenous: ReoPro: 2 mg/mL (5 mL [DSC]) [contains polysorbate 80]",Drugs.com ,https://www.drugs.com/ppa/abciximab.html,,
" aripiprazole (AR i PIP ra zole)Brand Names: Abilify, Abilify Discmelt",,,Drugs.com ,https://www.drugs.com/pro/abilify.html,"Abilify (aripiprazole is an antipsychotic medication. It works by changing the actions of chemicals in the brain.
Abilify is used to treat the symptoms of psychotic conditions such as schizophrenia and bipolar I disorder (manic depression). It is not known if aripiprazole is safe or effective in children younger than 13 with schizophrenia, or children younger than 10 with bipolar disorder.
Abilify is also used together with other medicines to treat major depressive disorder in adults.
Abilify is also used in children 6 years or older who have Tourette's disorder, or symptoms of autistic disorder (irritability, aggression, mood swings, temper tantrums, and self-injury).","Abilify, Abilify Discmelt"
" fentanyl (sublingual) (FEN tan il sub LIN gwal)Brand Names: Abstral, Fentora, Subsys",,,Drugs.com ,https://www.drugs.com/pro/abstral-sublingual-tablet.html,"Abstral (fentanyl) is an opioid pain medication. An opioid is sometimes called a narcotic.
Abstral sublingual tablets are used to treat ""breakthrough"" cancer pain that is not controlled by other medicines.
The sublingual tablet is placed on the floor of the mouth under your tongue (sublingual) and allowed to dissolve.
Abstral is not for treating pain that is not cancer-related.","Abstral, Fentora, Subsys"
" fentanyl (sublingual) (FEN tan il sub LIN gwal)Brand Names: Abstral, Fentora, Subsys",,,Drugs.com ,https://www.drugs.com/pro/abstral-sublingual-tablet.html,"Abstral (fentanyl) is an opioid pain medication. An opioid is sometimes called a narcotic.
Abstral sublingual tablets are used to treat ""breakthrough"" cancer pain that is not controlled by other medicines.
The sublingual tablet is placed on the floor of the mouth under your tongue (sublingual) and allowed to dissolve.
Abstral is not for treating pain that is not cancer-related.","Abstral, Fentora, Subsys"
" isotretinoin (oral) (EYE so TRET i noyn)Brand Name: Absorica, Amnesteem, Claravis, Myorisan, Sotret, Zenatane",,,Drugs.com ,https://www.drugs.com/pro/absorica.html,"Absorica is a form of vitamin A. It reduces the amount of oil released by oil glands in your skin, and helps your skin renew itself more quickly.
Absorica is used to treat severe nodular acne that has not responded to other treatments, including antibiotics.
Absorica is available only from a certified pharmacy under a special program called iPLEDGE.
Absorica may also be used for purposes not listed in this medication guide.","Absorica, Amnesteem, Claravis, Myorisan, Sotret, Zenatane"
 docosanol topical (doe KOE sah knoll)Brand Name: Abreva,,,Drugs.com ,https://www.drugs.com/monograph/abreva.html,"Docosanol is an antiviral medication used to treat cold sore infections caused by the herpes simplex virus. Docosanol shortens the healing time and the length of time symptoms are present.
Abreva is used to treat cold sores on the face and lips.
Docosanol may also be used for purposes other than those listed in this medication guide.",Abreva
 docosanol topical (doe KOE sah knoll)Brand Name: Abreva,,,Drugs.com ,https://www.drugs.com/monograph/abreva.html,"Docosanol is an antiviral medication used to treat cold sore infections caused by the herpes simplex virus. Docosanol shortens the healing time and the length of time symptoms are present.
Abreva is used to treat cold sores on the face and lips.
Docosanol may also be used for purposes other than those listed in this medication guide.",Abreva
 abobotulinumtoxinA (Dysport) (A boe BOT ue LYE num TOX in A)Brand Name: Dysport,Botulinum Toxin Type A,"Excipient information presented when available (limited, particularly for generics); consult specific product labeling.Solution Reconstituted, Intramuscular: Dysport: 300 units (1 ea); 500 units (1 ea) [contains albumin human, lactose monohydrate, milk protein]",Drugs.com ,https://www.drugs.com/ppa/abobotulinumtoxina.html,"AbobotulinumtoxinA (Dysport), also called botulinum toxin type A, is made from the bacteria that causes botulism. Botulinum toxin blocks nerve activity in the muscles, causing a temporary reduction in muscle activity.
Dysport is used to treat cervical dystonia (severe spasms in the neck muscles). Dysport is also used to treat muscle spasms (stiffness) in the upper limbs (elbows, wrists, fingers) or lower limbs (ankles, toes).
Dysport is also used to temporarily lessen the appearance of facial wrinkles.
Dysport may also be used for purposes not listed in this medication guide.",Dysport
 abobotulinumtoxinA (Dysport) (A boe BOT ue LYE num TOX in A)Brand Name: Dysport,Botulinum Toxin Type A,"Excipient information presented when available (limited, particularly for generics); consult specific product labeling.Solution Reconstituted, Intramuscular: Dysport: 300 units (1 ea); 500 units (1 ea) [contains albumin human, lactose monohydrate, milk protein]",Drugs.com ,https://www.drugs.com/ppa/abobotulinumtoxina.html,"AbobotulinumtoxinA (Dysport), also called botulinum toxin type A, is made from the bacteria that causes botulism. Botulinum toxin blocks nerve activity in the muscles, causing a temporary reduction in muscle activity.
Dysport is used to treat cervical dystonia (severe spasms in the neck muscles). Dysport is also used to treat muscle spasms (stiffness) in the upper limbs (elbows, wrists, fingers) or lower limbs (ankles, toes).
Dysport is also used to temporarily lessen the appearance of facial wrinkles.
Dysport may also be used for purposes not listed in this medication guide.",Dysport
" Dehydrated AlcoholClass: Sclerosing Agents
Chemical Name: ethanol
Molecular Formula: C2H6O
CAS Number: 121182-78-3
",,,Drugs.com ,https://www.drugs.com/pro/ablysinol.html,,
" abiraterone (A bir A te rone)Brand Name: Yonsa, Zytiga",AbirateroneAbiraterone Acetate Fine Particle (Yonsa)Abiraterone Acetate Micronized (Yonsa)Abiraterone Acetate Originator (Zytiga)CB7630,"Excipient information presented when available (limited, particularly for generics); consult specific product labeling.Tablet, Oral: Yonsa: 125 mgZytiga: 250 mg, 500 mgGeneric: 250 mg",Drugs.com ,https://www.drugs.com/ppa/abiraterone-acetate.html,"Abiraterone works by reducing androgen production in the body. Androgens are male hormones that can promote tumor growth in the prostate gland.
Abiraterone is used together with steroid medication (prednisone or methylprednisolone) to treat prostate cancer that has spread to other parts of the body.  abiraterone is used in men whose prostate cancer cannot be treated with surgery or other medicines.
Abiraterone may also be used for purposes not listed in this medication guide.","Yonsa, Zytiga"
" abiraterone (A bir A te rone)Brand Name: Yonsa, Zytiga",AbirateroneAbiraterone Acetate Fine Particle (Yonsa)Abiraterone Acetate Micronized (Yonsa)Abiraterone Acetate Originator (Zytiga)CB7630,"Excipient information presented when available (limited, particularly for generics); consult specific product labeling.Tablet, Oral: Yonsa: 125 mgZytiga: 250 mg, 500 mgGeneric: 250 mg",Drugs.com ,https://www.drugs.com/ppa/abiraterone-acetate.html,"Abiraterone works by reducing androgen production in the body. Androgens are male hormones that can promote tumor growth in the prostate gland.
Abiraterone is used together with steroid medication (prednisone or methylprednisolone) to treat prostate cancer that has spread to other parts of the body.  abiraterone is used in men whose prostate cancer cannot be treated with surgery or other medicines.
Abiraterone may also be used for purposes not listed in this medication guide.","Yonsa, Zytiga"
" abiraterone (A bir A te rone)Brand Name: Yonsa, Zytiga",AbirateroneAbiraterone Acetate Fine Particle (Yonsa)Abiraterone Acetate Micronized (Yonsa)Abiraterone Acetate Originator (Zytiga)CB7630,"Excipient information presented when available (limited, particularly for generics); consult specific product labeling.Tablet, Oral: Yonsa: 125 mgZytiga: 250 mg, 500 mgGeneric: 250 mg",Drugs.com ,https://www.drugs.com/ppa/abiraterone-acetate.html,"Abiraterone works by reducing androgen production in the body. Androgens are male hormones that can promote tumor growth in the prostate gland.
Abiraterone is used together with steroid medication (prednisone or methylprednisolone) to treat prostate cancer that has spread to other parts of the body.  abiraterone is used in men whose prostate cancer cannot be treated with surgery or other medicines.
Abiraterone may also be used for purposes not listed in this medication guide.","Yonsa, Zytiga"
" abiraterone (A bir A te rone)Brand Name: Yonsa, Zytiga",AbirateroneAbiraterone Acetate Fine Particle (Yonsa)Abiraterone Acetate Micronized (Yonsa)Abiraterone Acetate Originator (Zytiga)CB7630,"Excipient information presented when available (limited, particularly for generics); consult specific product labeling.Tablet, Oral: Yonsa: 125 mgZytiga: 250 mg, 500 mgGeneric: 250 mg",Drugs.com ,https://www.drugs.com/ppa/abiraterone-acetate.html,"Abiraterone works by reducing androgen production in the body. Androgens are male hormones that can promote tumor growth in the prostate gland.
Abiraterone is used together with steroid medication (prednisone or methylprednisolone) to treat prostate cancer that has spread to other parts of the body.  abiraterone is used in men whose prostate cancer cannot be treated with surgery or other medicines.
Abiraterone may also be used for purposes not listed in this medication guide.","Yonsa, Zytiga"
 Aripiprazole Tablets with Sensor (ay ri PIP ray zole)Brand Name: Abilify MyCite,,,Drugs.com ,https://www.drugs.com/pro/abilify-mycite.html,,
" aripiprazole (injection) (AR i PIP ra zole)Brand Name: Abilify Maintena, Aristada",,,Drugs.com ,https://www.drugs.com/pro/abilify-maintena.html,"Abilify Maintena is an antipsychotic medication that works by changing the actions of chemicals in the brain.
The Abilify Maintena brand of aripiprazole is used to treat schizophrenia and bipolar I disorder (manic depression) in adults. The Aristada brand of  Abilify Maintena is for use only in treating schizophrenia in adults.
Abilify Maintena may also be used for purposes not listed in this medication guide.","Abilify Maintena, Aristada"
" aripiprazole (injection) (AR i PIP ra zole)Brand Name: Abilify Maintena, Aristada",,,Drugs.com ,https://www.drugs.com/pro/abilify-maintena.html,"Abilify Maintena is an antipsychotic medication that works by changing the actions of chemicals in the brain.
The Abilify Maintena brand of aripiprazole is used to treat schizophrenia and bipolar I disorder (manic depression) in adults. The Aristada brand of  Abilify Maintena is for use only in treating schizophrenia in adults.
Abilify Maintena may also be used for purposes not listed in this medication guide.","Abilify Maintena, Aristada"
" aripiprazole (AR i PIP ra zole)Brand Names: Abilify, Abilify Discmelt",,,Drugs.com ,https://www.drugs.com/pro/abilify.html,"Abilify (aripiprazole is an antipsychotic medication. It works by changing the actions of chemicals in the brain.
Abilify is used to treat the symptoms of psychotic conditions such as schizophrenia and bipolar I disorder (manic depression). It is not known if aripiprazole is safe or effective in children younger than 13 with schizophrenia, or children younger than 10 with bipolar disorder.
Abilify is also used together with other medicines to treat major depressive disorder in adults.
Abilify is also used in children 6 years or older who have Tourette's disorder, or symptoms of autistic disorder (irritability, aggression, mood swings, temper tantrums, and self-injury).","Abilify, Abilify Discmelt"
" multivitamin with iron (MUL tee VYE ta mins with EYE ron)Brand Name: Fero-Folic 500, Theragran Hematinic, ...show all 178 brand names.Iberet-Folic-500, Dialyvite, Chromagen FA (obsolete), Chromagen Forte (obsolete), TriHEMIC 600, Chromagen (obsolete), Nephro-Vite with Fe, Allbee-C 800 with Iron, Livitrinsic-F, Foltrin, Intrinsitinic, Ferotrinsic, Contrin, Trinsicon, Niferex-150 Forte (obsolete), Iberet-500, Generet-500 with Folic Acid, Vi-Daylin with Iron, Dayalets Plus Iron, Nephron-FA, Sesame St. Vitamins Plus Iron, Fe-Tinic 150 Forte, Equi-Roca Plus, Equicyte Plus, Poly-Vi-Sol with Iron Drops, Vi-Daylin with Iron Chewable, Femiron Multi with Iron, Chewable-Vite with Iron, Garfield Vitamin with Iron, Vi-Daylin with Iron Drops, One Tab Daily with Iron, Bugs Bunny with Iron Chewable, Flintstones with Iron Chewable, Sunkist Child Chewable with Iron, Poly-Vi-Sol with Iron, Mult-Ferr Folic, Unicap with Iron, Icaps, Iberet, Stresstabs with Iron, Surbex-750 with Iron, Stress Formula with Iron, Geritol, SSS Tonic, Vi-Daylin ADC with Iron, Tri-Vi-Sol with Iron, Tab-A-Vite with Iron, Geri-Tabs, I-L-X, I-L-X and B12, Multibret Folic 500, IBC 500, Multiret Folic 500, Geravim, Chromatinic, Iromin G, Myferon 150 Forte, Hemocyte Plus (obsolete), Pronemia, Vi-Stress with Iron, Fumatinic, Therems H, Tolfrinic, Fruity Chews with Iron, Feocyte, Vita-PMS, Vita-PMS Plus, Ferocon, Anemagen, Nu-Iron Plus, Anemagen FA, Ferragen, Conison, Poly Iron 150 Forte, Iberet Liquid, Iberet-500 Liquid, Hemocyte-F Elixir, Diatx Fe, Icar-C Plus, Senilezol, Ferrogels Forte, Promar, Fetrin, Feogen, Proferrin-Forte, FoliTab 500, FE C Tab Plus, Icar-C Plus SR, Ferbee, Uni-Daily Plus Iron, Multifol, Irofol, Niferex(obsolete), Niferex-150 (obsolete), Uni Kar Plus C SR, Repliva 21/7, Niferex Gold, Tricon, Hematogen, Hematogen FA, Hematogen Forte, Iferex 150 Forte, Vita Drops with Iron, Niferex-150 Forte, Chromagen, Chromagen FA, Chromagen Forte, Ferrex 150 Forte, MyKidz Iron, Martinic, Apetimar with Iron, Vimar with Iron, Multi-Delyn with Iron, Maxaron Forte, Ferralet 90, Multigen, Multigen Plus, Anemagen Forte, Ferrex 150 Forte Plus, Good Sense Children's Vitamins with Iron, PruVate 21/7, Ferraplus, Multigen Folic, Integra Plus, Integra F, Integra, Vitagen Advance, Rexavite 150 Forte, Vitagen Forte, Trimagen, Trimagen Forte, Triferex 150 Forte, Se-Vate, Ferotrin, FerroVite, Ferroflex-150 Forte, FerroVite FA, FerroVite Forte, Ferrex 28, Trimagen FA, TL Icon, Suplevit, Folivan-F, Folivan-Plus, Taron Forte, Gentle Iron, BiferaRx, Lydia Pinkham, Trigels F, CorviteFE, Irospan 24/6, NovaFerrum, TL-Fol 500, Daily-Vite with Iron, Iron-150, EnLyte, Poly-Vita Drops with Iron, Hemetab, Iron 100 Plus, Niron Komplete, FeRiva, Abatron AF, FeRivaFA, Fusion Plus, FeRiva 21/7, Niva-Plus, MaxFE Drops, Focalgin DSS, Geriaton, Thrivite 19, Fusion Sprinkles with Probiotic, Nufera, Celebrate Iron + C, Active FE, UpSpring Baby Iron, TL-HEM 150","Iron Polysaccharide Complex, Vitamin B12, and Folic AcidIron-Polysaccharide Complex, Vitamin B12, and Folic Acid","Excipient information presented when available (limited, particularly for generics); consult specific product labeling.  [DSC] = Discontinued productCapsule, Oral: IFerex 150 Forte: Elemental iron 150 mg, cyanocobalamin 25 mcg, and folic acid 1 mg [contains brilliant blue fcf (fd&c blue #1), fd&c yellow #10 (quinoline yellow)]Myferon 150 Forte: Elemental iron 150 mg, cyanocobalamin 25 mcg, and folic acid 1 mg [contains fd&c blue #1 aluminum lake, fd&c red #40 aluminum lake]Poly-Iron 150 Forte: Elemental iron 150 mg, cyanocobalamin 25 mcg, and folic acid 1 mg [contains fd&c blue #1 aluminum lake, fd&c red #40 aluminum lake]Tablet, Oral: BiferaRx: Iron as polysaccharide iron complex 22 mg, iron as heme iron polypeptide 6 mg, cyanocobalamin 25 mcg, and folic acid 1 mg [DSC] [scored; contains fd&c blue #2 aluminum lake, fd&c red #40 aluminum lake]Irofol: Elemental iron 150 mg, cyanocobalamin 25 mcg, and folic acid 1 mg",Drugs.com ,https://www.drugs.com/ppa/polysaccharide-iron-complex-vitamin-b12-and-folic-acid.html,"Multivitamins are a combination of many different vitamins that are normally found in foods and other natural sources.
Iron is normally found in foods like red meat. In the body, iron becomes a part of your hemoglobin (HEEM o glo bin) and myoglobin (MY o glo bin). Hemoglobin carries oxygen through your blood to tissues and organs. Myoglobin helps your muscle cells store oxygen.
Multivitamins with iron are used to provide vitamins and iron that are not taken in through the diet. They are also used to treat iron or vitamin deficiencies caused by illness, pregnancy, poor nutrition, digestive disorders, and many other conditions.
Multivitamin and iron may also be used for purposes not listed in this medication guide.","Fero-Folic 500, Theragran Hematinic, ...show all 178 brand names.Iberet-Folic-500, Dialyvite, Chromagen FA (obsolete), Chromagen Forte (obsolete), TriHEMIC 600, Chromagen (obsolete), Nephro-Vite with Fe, Allbee-C 800 with Iron, Livitrinsic-F, Foltrin, Intrinsitinic, Ferotrinsic, Contrin, Trinsicon, Niferex-150 Forte (obsolete), Iberet-500, Generet-500 with Folic Acid, Vi-Daylin with Iron, Dayalets Plus Iron, Nephron-FA, Sesame St. Vitamins Plus Iron, Fe-Tinic 150 Forte, Equi-Roca Plus, Equicyte Plus, Poly-Vi-Sol with Iron Drops, Vi-Daylin with Iron Chewable, Femiron Multi with Iron, Chewable-Vite with Iron, Garfield Vitamin with Iron, Vi-Daylin with Iron Drops, One Tab Daily with Iron, Bugs Bunny with Iron Chewable, Flintstones with Iron Chewable, Sunkist Child Chewable with Iron, Poly-Vi-Sol with Iron, Mult-Ferr Folic, Unicap with Iron, Icaps, Iberet, Stresstabs with Iron, Surbex-750 with Iron, Stress Formula with Iron, Geritol, SSS Tonic, Vi-Daylin ADC with Iron, Tri-Vi-Sol with Iron, Tab-A-Vite with Iron, Geri-Tabs, I-L-X, I-L-X and B12, Multibret Folic 500, IBC 500, Multiret Folic 500, Geravim, Chromatinic, Iromin G, Myferon 150 Forte, Hemocyte Plus (obsolete), Pronemia, Vi-Stress with Iron, Fumatinic, Therems H, Tolfrinic, Fruity Chews with Iron, Feocyte, Vita-PMS, Vita-PMS Plus, Ferocon, Anemagen, Nu-Iron Plus, Anemagen FA, Ferragen, Conison, Poly Iron 150 Forte, Iberet Liquid, Iberet-500 Liquid, Hemocyte-F Elixir, Diatx Fe, Icar-C Plus, Senilezol, Ferrogels Forte, Promar, Fetrin, Feogen, Proferrin-Forte, FoliTab 500, FE C Tab Plus, Icar-C Plus SR, Ferbee, Uni-Daily Plus Iron, Multifol, Irofol, Niferex(obsolete), Niferex-150 (obsolete), Uni Kar Plus C SR, Repliva 21/7, Niferex Gold, Tricon, Hematogen, Hematogen FA, Hematogen Forte, Iferex 150 Forte, Vita Drops with Iron, Niferex-150 Forte, Chromagen, Chromagen FA, Chromagen Forte, Ferrex 150 Forte, MyKidz Iron, Martinic, Apetimar with Iron, Vimar with Iron, Multi-Delyn with Iron, Maxaron Forte, Ferralet 90, Multigen, Multigen Plus, Anemagen Forte, Ferrex 150 Forte Plus, Good Sense Children's Vitamins with Iron, PruVate 21/7, Ferraplus, Multigen Folic, Integra Plus, Integra F, Integra, Vitagen Advance, Rexavite 150 Forte, Vitagen Forte, Trimagen, Trimagen Forte, Triferex 150 Forte, Se-Vate, Ferotrin, FerroVite, Ferroflex-150 Forte, FerroVite FA, FerroVite Forte, Ferrex 28, Trimagen FA, TL Icon, Suplevit, Folivan-F, Folivan-Plus, Taron Forte, Gentle Iron, BiferaRx, Lydia Pinkham, Trigels F, CorviteFE, Irospan 24/6, NovaFerrum, TL-Fol 500, Daily-Vite with Iron, Iron-150, EnLyte, Poly-Vita Drops with Iron, Hemetab, Iron 100 Plus, Niron Komplete, FeRiva, Abatron AF, FeRivaFA, Fusion Plus, FeRiva 21/7, Niva-Plus, MaxFE Drops, Focalgin DSS, Geriaton, Thrivite 19, Fusion Sprinkles with Probiotic, Nufera, Celebrate Iron + C, Active FE, UpSpring Baby Iron, TL-HEM 150"
" abatacept (a BAY ta sept)Brand Name: Orencia, Orencia ClickJect, Orencia Prefilled Syringe",BMS-188667CTLA-4Ig,"Excipient information presented when available (limited, particularly for generics); consult specific product labeling.Solution Auto-injector, Subcutaneous [preservative free]: Orencia ClickJect: 125 mg/mL (1 mL)Solution Prefilled Syringe, Subcutaneous [preservative free]: Orencia: 50 mg/0.4 mL (0.4 mL); 87.5 mg/0.7 mL (0.7 mL); 125 mg/mL (1 mL)Solution Reconstituted, Intravenous [preservative free]: Orencia: 250 mg (1 ea)",Drugs.com ,https://www.drugs.com/ppa/abatacept.html,"Abatacept a protein that prevents your body's immune system from attacking healthy tissues such as joints. The immune system helps your body fight infections. In people with autoimmune disorders, the immune system mistakes the body's own cells for invaders and attacks them.
Abatacept is used to treat the symptoms of rheumatoid arthritis, and to prevent joint damage caused by these conditions.  abatacept is for adults and children who are at least 2 years old.
Abatacept is also used to treat active psoriatic arthritis in adults.
Abatacept is not a cure for any autoimmune disorder and will only treat the symptoms of your condition.
Abatacept may also be used for purposes not listed in this medication guide.","Orencia, Orencia ClickJect, Orencia Prefilled Syringe"
" abatacept (a BAY ta sept)Brand Name: Orencia, Orencia ClickJect, Orencia Prefilled Syringe",BMS-188667CTLA-4Ig,"Excipient information presented when available (limited, particularly for generics); consult specific product labeling.Solution Auto-injector, Subcutaneous [preservative free]: Orencia ClickJect: 125 mg/mL (1 mL)Solution Prefilled Syringe, Subcutaneous [preservative free]: Orencia: 50 mg/0.4 mL (0.4 mL); 87.5 mg/0.7 mL (0.7 mL); 125 mg/mL (1 mL)Solution Reconstituted, Intravenous [preservative free]: Orencia: 250 mg (1 ea)",Drugs.com ,https://www.drugs.com/ppa/abatacept.html,"Abatacept a protein that prevents your body's immune system from attacking healthy tissues such as joints. The immune system helps your body fight infections. In people with autoimmune disorders, the immune system mistakes the body's own cells for invaders and attacks them.
Abatacept is used to treat the symptoms of rheumatoid arthritis, and to prevent joint damage caused by these conditions.  abatacept is for adults and children who are at least 2 years old.
Abatacept is also used to treat active psoriatic arthritis in adults.
Abatacept is not a cure for any autoimmune disorder and will only treat the symptoms of your condition.
Abatacept may also be used for purposes not listed in this medication guide.","Orencia, Orencia ClickJect, Orencia Prefilled Syringe"
" abatacept (a BAY ta sept)Brand Name: Orencia, Orencia ClickJect, Orencia Prefilled Syringe",BMS-188667CTLA-4Ig,"Excipient information presented when available (limited, particularly for generics); consult specific product labeling.Solution Auto-injector, Subcutaneous [preservative free]: Orencia ClickJect: 125 mg/mL (1 mL)Solution Prefilled Syringe, Subcutaneous [preservative free]: Orencia: 50 mg/0.4 mL (0.4 mL); 87.5 mg/0.7 mL (0.7 mL); 125 mg/mL (1 mL)Solution Reconstituted, Intravenous [preservative free]: Orencia: 250 mg (1 ea)",Drugs.com ,https://www.drugs.com/ppa/abatacept.html,"Abatacept a protein that prevents your body's immune system from attacking healthy tissues such as joints. The immune system helps your body fight infections. In people with autoimmune disorders, the immune system mistakes the body's own cells for invaders and attacks them.
Abatacept is used to treat the symptoms of rheumatoid arthritis, and to prevent joint damage caused by these conditions.  abatacept is for adults and children who are at least 2 years old.
Abatacept is also used to treat active psoriatic arthritis in adults.
Abatacept is not a cure for any autoimmune disorder and will only treat the symptoms of your condition.
Abatacept may also be used for purposes not listed in this medication guide.","Orencia, Orencia ClickJect, Orencia Prefilled Syringe"
" abatacept (a BAY ta sept)Brand Name: Orencia, Orencia ClickJect, Orencia Prefilled Syringe",BMS-188667CTLA-4Ig,"Excipient information presented when available (limited, particularly for generics); consult specific product labeling.Solution Auto-injector, Subcutaneous [preservative free]: Orencia ClickJect: 125 mg/mL (1 mL)Solution Prefilled Syringe, Subcutaneous [preservative free]: Orencia: 50 mg/0.4 mL (0.4 mL); 87.5 mg/0.7 mL (0.7 mL); 125 mg/mL (1 mL)Solution Reconstituted, Intravenous [preservative free]: Orencia: 250 mg (1 ea)",Drugs.com ,https://www.drugs.com/ppa/abatacept.html,"Abatacept a protein that prevents your body's immune system from attacking healthy tissues such as joints. The immune system helps your body fight infections. In people with autoimmune disorders, the immune system mistakes the body's own cells for invaders and attacks them.
Abatacept is used to treat the symptoms of rheumatoid arthritis, and to prevent joint damage caused by these conditions.  abatacept is for adults and children who are at least 2 years old.
Abatacept is also used to treat active psoriatic arthritis in adults.
Abatacept is not a cure for any autoimmune disorder and will only treat the symptoms of your condition.
Abatacept may also be used for purposes not listed in this medication guide.","Orencia, Orencia ClickJect, Orencia Prefilled Syringe"
" abatacept (a BAY ta sept)Brand Name: Orencia, Orencia ClickJect, Orencia Prefilled Syringe",BMS-188667CTLA-4Ig,"Excipient information presented when available (limited, particularly for generics); consult specific product labeling.Solution Auto-injector, Subcutaneous [preservative free]: Orencia ClickJect: 125 mg/mL (1 mL)Solution Prefilled Syringe, Subcutaneous [preservative free]: Orencia: 50 mg/0.4 mL (0.4 mL); 87.5 mg/0.7 mL (0.7 mL); 125 mg/mL (1 mL)Solution Reconstituted, Intravenous [preservative free]: Orencia: 250 mg (1 ea)",Drugs.com ,https://www.drugs.com/ppa/abatacept.html,"Abatacept a protein that prevents your body's immune system from attacking healthy tissues such as joints. The immune system helps your body fight infections. In people with autoimmune disorders, the immune system mistakes the body's own cells for invaders and attacks them.
Abatacept is used to treat the symptoms of rheumatoid arthritis, and to prevent joint damage caused by these conditions.  abatacept is for adults and children who are at least 2 years old.
Abatacept is also used to treat active psoriatic arthritis in adults.
Abatacept is not a cure for any autoimmune disorder and will only treat the symptoms of your condition.
Abatacept may also be used for purposes not listed in this medication guide.","Orencia, Orencia ClickJect, Orencia Prefilled Syringe"
 abaloparatide (a BAL oh PAR a tide)Brand Name: Tymlos,,"Excipient information presented when available (limited, particularly for generics); consult specific product labeling.Solution Pen-injector, Subcutaneous: Tymlos: 3120 mcg/1.56 mL (1.56 mL) [contains phenol]",Drugs.com ,https://www.drugs.com/ppa/abaloparatide.html,"Abaloparatide is a man-made form of parathyroid hormone that exists naturally in the body. Abaloparatide increases bone mineral density and bone strength, which may prevent fractures.
Abaloparatide is used to treat osteoporosis in postmenopausal women who have a high risk of bone fracture.
Abaloparatide may also be used for purposes not listed in this medication guide.",Tymlos
 abaloparatide (a BAL oh PAR a tide)Brand Name: Tymlos,,"Excipient information presented when available (limited, particularly for generics); consult specific product labeling.Solution Pen-injector, Subcutaneous: Tymlos: 3120 mcg/1.56 mL (1.56 mL) [contains phenol]",Drugs.com ,https://www.drugs.com/ppa/abaloparatide.html,"Abaloparatide is a man-made form of parathyroid hormone that exists naturally in the body. Abaloparatide increases bone mineral density and bone strength, which may prevent fractures.
Abaloparatide is used to treat osteoporosis in postmenopausal women who have a high risk of bone fracture.
Abaloparatide may also be used for purposes not listed in this medication guide.",Tymlos
 abacavir (a BAK a veer)Brand Name: Ziagen,Abacavir SulfateABC,"Excipient information presented when available (limited, particularly for generics); consult specific product labeling.Solution, Oral: Ziagen: 20 mg/mL (240 mL) [contains methylparaben, propylene glycol, propylparaben, saccharin sodium; strawberry-banana flavor]Generic: 20 mg/mL (240 mL)Tablet, Oral: Ziagen: 300 mg [scored]Generic: 300 mg",Drugs.com ,https://www.drugs.com/ppa/abacavir.html,"Abacavir is an antiviral medicine that prevents human immunodeficiency virus (HIV) from multiplying in your body.
Abacavir is used to treat HIV, the virus that can cause acquired immunodeficiency syndrome (AIDS).  abacavir is for adults and children who are at least 3 months old. Abacavir is not a cure for HIV or AIDS.
Abacavir may also be used for purposes not listed in this medication guide.",Ziagen
 abacavir (a BAK a veer)Brand Name: Ziagen,Abacavir SulfateABC,"Excipient information presented when available (limited, particularly for generics); consult specific product labeling.Solution, Oral: Ziagen: 20 mg/mL (240 mL) [contains methylparaben, propylene glycol, propylparaben, saccharin sodium; strawberry-banana flavor]Generic: 20 mg/mL (240 mL)Tablet, Oral: Ziagen: 300 mg [scored]Generic: 300 mg",Drugs.com ,https://www.drugs.com/ppa/abacavir.html,"Abacavir is an antiviral medicine that prevents human immunodeficiency virus (HIV) from multiplying in your body.
Abacavir is used to treat HIV, the virus that can cause acquired immunodeficiency syndrome (AIDS).  abacavir is for adults and children who are at least 3 months old. Abacavir is not a cure for HIV or AIDS.
Abacavir may also be used for purposes not listed in this medication guide.",Ziagen
 abacavir (a BAK a veer)Brand Name: Ziagen,Abacavir SulfateABC,"Excipient information presented when available (limited, particularly for generics); consult specific product labeling.Solution, Oral: Ziagen: 20 mg/mL (240 mL) [contains methylparaben, propylene glycol, propylparaben, saccharin sodium; strawberry-banana flavor]Generic: 20 mg/mL (240 mL)Tablet, Oral: Ziagen: 300 mg [scored]Generic: 300 mg",Drugs.com ,https://www.drugs.com/ppa/abacavir.html,"Abacavir is an antiviral medicine that prevents human immunodeficiency virus (HIV) from multiplying in your body.
Abacavir is used to treat HIV, the virus that can cause acquired immunodeficiency syndrome (AIDS).  abacavir is for adults and children who are at least 3 months old. Abacavir is not a cure for HIV or AIDS.
Abacavir may also be used for purposes not listed in this medication guide.",Ziagen
 abacavir (a BAK a veer)Brand Name: Ziagen,Abacavir SulfateABC,"Excipient information presented when available (limited, particularly for generics); consult specific product labeling.Solution, Oral: Ziagen: 20 mg/mL (240 mL) [contains methylparaben, propylene glycol, propylparaben, saccharin sodium; strawberry-banana flavor]Generic: 20 mg/mL (240 mL)Tablet, Oral: Ziagen: 300 mg [scored]Generic: 300 mg",Drugs.com ,https://www.drugs.com/ppa/abacavir.html,"Abacavir is an antiviral medicine that prevents human immunodeficiency virus (HIV) from multiplying in your body.
Abacavir is used to treat HIV, the virus that can cause acquired immunodeficiency syndrome (AIDS).  abacavir is for adults and children who are at least 3 months old. Abacavir is not a cure for HIV or AIDS.
Abacavir may also be used for purposes not listed in this medication guide.",Ziagen
" abacavir, lamivudine, and zidovudine (a BACK a veer, la MIV yoo deen, zye DOE vyoo deen)Brand Name: Trizivir","3TC, Abacavir, and ZidovudineAbacavir/Lamivudine/ZidovudineAzidothymidine, Abacavir, and LamivudineAZT, Abacavir, and LamivudineCompound S, Abacavir, and LamivudineLamivudine, Abacavir, and ZidovudineZDV, Abacavir, and LamivudineZidovudine, Abacavir, and Lamivudine","Excipient information presented when available (limited, particularly for generics); consult specific product labeling.Tablet, Oral: Trizivir: Abacavir sulfate 300 mg, lamivudine 150 mg, and zidovudine 300 mg [contains fd&c blue #2 (indigotine)]Generic: Abacavir sulfate 300 mg, lamivudine 150 mg, and zidovudine 300 mg",Drugs.com ,https://www.drugs.com/ppa/abacavir-lamivudine-and-zidovudine.html,"Abacavir, lamivudine, and zidovudine are antiviral medications that prevent human immunodeficiency virus (HIV) from multiplying in your body.
Abacavir, lamivudine, and zidovudine (Trizivir) is a combination medicine used to treat HIV, which can cause the acquired immunodeficiency syndrome (AIDS).  abacavir, lamivudine, and zidovudine is not a cure for HIV or AIDS.
Trizivir may also be used for purposes not listed in this medication guide.",Trizivir
" abacavir, lamivudine, and zidovudine (a BACK a veer, la MIV yoo deen, zye DOE vyoo deen)Brand Name: Trizivir","3TC, Abacavir, and ZidovudineAbacavir/Lamivudine/ZidovudineAzidothymidine, Abacavir, and LamivudineAZT, Abacavir, and LamivudineCompound S, Abacavir, and LamivudineLamivudine, Abacavir, and ZidovudineZDV, Abacavir, and LamivudineZidovudine, Abacavir, and Lamivudine","Excipient information presented when available (limited, particularly for generics); consult specific product labeling.Tablet, Oral: Trizivir: Abacavir sulfate 300 mg, lamivudine 150 mg, and zidovudine 300 mg [contains fd&c blue #2 (indigotine)]Generic: Abacavir sulfate 300 mg, lamivudine 150 mg, and zidovudine 300 mg",Drugs.com ,https://www.drugs.com/ppa/abacavir-lamivudine-and-zidovudine.html,"Abacavir, lamivudine, and zidovudine are antiviral medications that prevent human immunodeficiency virus (HIV) from multiplying in your body.
Abacavir, lamivudine, and zidovudine (Trizivir) is a combination medicine used to treat HIV, which can cause the acquired immunodeficiency syndrome (AIDS).  abacavir, lamivudine, and zidovudine is not a cure for HIV or AIDS.
Trizivir may also be used for purposes not listed in this medication guide.",Trizivir
 abacavir and lamivudine (a BAK a veer and la MIV yoo deen)Brand Name: Epzicom,Abacavir Sulfate and LamivudineLamivudine and Abacavir,"Excipient information presented when available (limited, particularly for generics); consult specific product labeling.Tablet, Oral: Epzicom: Abacavir 600 mg and lamivudine 300 mg [contains fd&c yellow #6 (sunset yellow)]Generic: Abacavir 600 mg and lamivudine 300 mg",Drugs.com ,https://www.drugs.com/ppa/abacavir-and-lamivudine.html,"Abacavir and lamivudine are antiviral medicines that prevent human immunodeficiency virus (HIV) from multiplying in your body.
Abacavir and lamivudine is a combination medicine used to treat HIV, which can cause the acquired immunodeficiency syndrome (AIDS). This medication is not a cure for HIV or AIDS.
Abacavir and lamivudine may also be used for purposes not listed in this medication guide.",Epzicom
 abacavir and lamivudine (a BAK a veer and la MIV yoo deen)Brand Name: Epzicom,Abacavir Sulfate and LamivudineLamivudine and Abacavir,"Excipient information presented when available (limited, particularly for generics); consult specific product labeling.Tablet, Oral: Epzicom: Abacavir 600 mg and lamivudine 300 mg [contains fd&c yellow #6 (sunset yellow)]Generic: Abacavir 600 mg and lamivudine 300 mg",Drugs.com ,https://www.drugs.com/ppa/abacavir-and-lamivudine.html,"Abacavir and lamivudine are antiviral medicines that prevent human immunodeficiency virus (HIV) from multiplying in your body.
Abacavir and lamivudine is a combination medicine used to treat HIV, which can cause the acquired immunodeficiency syndrome (AIDS). This medication is not a cure for HIV or AIDS.
Abacavir and lamivudine may also be used for purposes not listed in this medication guide.",Epzicom
" abacavir, dolutegravir, and lamivudine (a BAK a vir, DOE loo TEG ra vir, la MIV ue deen)Brand Name: Triumeq","Abacavir Sulfate, Dolutegravir, and LamivudineAbacavir/Dolutegravir/LamivudineDolutegravir, Lamivudine, and AbacavirLamivudine, Abacavir, and Dolutegravir","Excipient information presented when available (limited, particularly for generics); consult specific product labeling.Tablet, Oral: Triumeq: Abacavir 600 mg, dolutegravir 50 mg, and lamivudine 300 mg",Drugs.com ,https://www.drugs.com/ppa/abacavir-dolutegravir-and-lamivudine.html,"Abacavir, dolutegravir, and lamivudine (Triumeq) is a combination medicine used to treat HIV, the virus that can cause acquired immunodeficiency syndrome (AIDS).  abacavir, dolutegravir, and lamivudine is not a cure for HIV or AIDS.
Triumeq is for use in adults and children who weigh at least 88 pounds (40 kilograms).
Triumeq may also be used for purposes not listed in this medication guide.",Triumeq
 abacavir (a BAK a veer)Brand Name: Ziagen,Abacavir SulfateABC,"Excipient information presented when available (limited, particularly for generics); consult specific product labeling.Solution, Oral: Ziagen: 20 mg/mL (240 mL) [contains methylparaben, propylene glycol, propylparaben, saccharin sodium; strawberry-banana flavor]Generic: 20 mg/mL (240 mL)Tablet, Oral: Ziagen: 300 mg [scored]Generic: 300 mg",Drugs.com ,https://www.drugs.com/ppa/abacavir.html,"Abacavir is an antiviral medicine that prevents human immunodeficiency virus (HIV) from multiplying in your body.
Abacavir is used to treat HIV, the virus that can cause acquired immunodeficiency syndrome (AIDS).  abacavir is for adults and children who are at least 3 months old. Abacavir is not a cure for HIV or AIDS.
Abacavir may also be used for purposes not listed in this medication guide.",Ziagen
